{"cameraMode":{"drawMode":0,"name":"Shaded","section":"Shading Mode"},"sceneLighting":false,"audioPlay":false,"sceneViewState":{"m_AlwaysRefresh":false,"showFog":true,"showSkybox":false,"showFlares":true,"showImageEffects":true,"showParticleSystems":true,"showVisualEffectGraphs":true,"m_FxEnabled":true},"in2DMode":false,"pivot":{"x":-0.0044999998062849049,"y":1.0110000371932984,"z":0.017000000923871995},"rotation":{"x":-0.0002163593308068812,"y":-0.9967079162597656,"z":0.08122104406356812,"w":-0.0026990880724042656},"size":0.017585506662726404,"orthographic":false}