{"cameraMode":{"drawMode":0,"name":"Shaded","section":"Shading Mode"},"sceneLighting":true,"audioPlay":false,"sceneViewState":{"m_AlwaysRefresh":false,"showFog":true,"showSkybox":true,"showFlares":true,"showImageEffects":true,"showParticleSystems":true,"showVisualEffectGraphs":true,"m_FxEnabled":true},"in2DMode":false,"pivot":{"x":3.207984209060669,"y":0.8620704412460327,"z":-10.86155891418457},"rotation":{"x":0.0016020091716200114,"y":0.997679591178894,"z":-0.06354788690805435,"w":0.02516176551580429},"size":7.499549865722656,"orthographic":false}